﻿<?xml version="1.0" encoding="utf-8"?>
<palro_application name="SpcPocoConfigurationSample" version="1.0.0" releasedate="2016/06/29" type="SPC" mode="transient" appkind="application/other" language="ja" usedevice="microsd">
  <title>Configテスト</title>
  <titlespk>Configテスト</titlespk>
  <description>POCO C++ ライブラリで読み込んだ設定内容を頭をなでるごとに喋ります。&lt;br /&gt;パルミー、ファイルを読んで！</description>
  <cond></cond>
  <palrocond></palrocond>
  <startupword></startupword>
  <section order="100" name="ConditionTrigger" />
  <section order="110" name="HabitTrigger" />
</palro_application>
