﻿<?xml version="1.0" encoding="utf-8"?>
<palro_application name="SpcLibcurlSample" version="1.0.0" releasedate="2016/06/15" type="SPC" mode="transient" appkind="application/other" language="ja" usedevice="network">
  <title>cURLテスト</title>
  <titlespk>cURLテスト</titlespk>
  <description>libcurl と picojson でJSONをGetします。&lt;br /&gt;パルミー、デンシャチエンを教えて！</description>
  <cond></cond>
  <palrocond></palrocond>
  <startupword></startupword>
  <section order="100" name="ConditionTrigger" />
  <section order="110" name="HabitTrigger" />
  <section order="200" name="ApplicationConfig">
    <title></title>
    <description></description>
    <configuration order="1" name="Route" display="yes" modify="yes" conftype="text" formtype="text" descript="yes" bundlebottom="yes">
      <title>対象路線</title>
      <description>半角カンマ「,」区切りで教える路線名を設定してください。</description>
    </configuration>
  </section>
</palro_application>
